[
    {
        "proname": "Milk",
        "quan": "6",
        "price": "300",
        "catagory": "Grocery",
        "proid": "123456"
    },
    {
        "proname": "",
        "quan": "",
        "price": "",
        "catagory": "",
        "proid": ""
    },
    {
        "proname": "Flour",
        "quan": "20",
        "price": "1200",
        "catagory": "Grocery",
        "proid": "23456"
    },
    {
        "proname": "444444",
        "quan": "444444444",
        "price": "4444444444",
        "catagory": "4444444444",
        "proid": "4444444444"
    },
    {
        "proname": "Milk",
        "quan": "222",
        "price": "444444",
        "catagory": "Grocery",
        "proid": "4444444444"
    },
    {
        "proname": "Milk",
        "quan": "333",
        "price": "43",
        "catagory": "Grocery",
        "proid": "33333"
    },
    {
        "proname": "Hilsha",
        "quan": "34",
        "price": "3456",
        "catagory": "Fishes",
        "proid": "34567"
    },
    {
        "proname": "Milk",
        "quan": "45",
        "price": "5600",
        "catagory": "Grocery",
        "proid": "44444"
    }
]