[
    {
        "name": null,
        "age": null,
        "gen": null,
        "cont": null,
        "email": null,
        "sid": null,
        "pass": null
    },
    {
        "name": null,
        "age": null,
        "gen": null,
        "cont": null,
        "email": null,
        "sid": null,
        "pass": null
    },
    {
        "name": null,
        "age": null,
        "gen": null,
        "cont": null,
        "email": null,
        "sid": null,
        "pass": null
    },
    {
        "name": null,
        "age": null,
        "gen": null,
        "cont": null,
        "email": null,
        "sid": null,
        "pass": "216472846247"
    },
    {
        "name": "DIPANWITA SAHA",
        "age": "19",
        "gen": "Female",
        "cont": "01987654335",
        "email": "dipanwitasaha7009@gmail.com",
        "sid": "12345",
        "pass": "12345"
    }
]