[
    {
        "uname": "Rafi",
        "Name": "Sadman Rafi",
        "Email": "sad@gmail.com",
        "Gender": "Male",
        "PhoneNo": "01314747163",
        "password": "123ASD",
        "filename": "theory lecture for week 4.pdf"
    },
    {
        "uname": "Ritik",
        "Name": "Tamanna Riti",
        "Email": "ritk@gmail.com",
        "Gender": "Female",
        "PhoneNo": "01314747163",
        "password": "321dsa",
        "filename": "Project.7z"
    },
    {
        "uname": "Ritik",
        "Name": "Tamanna Riti",
        "Email": "ritk@gmail.com",
        "Gender": "Female",
        "PhoneNo": "01314747163",
        "password": "123asd",
        "filename": "FLOWCHART and ALGORITHM.pdf"
    },
    {
        "uname": "Ritik",
        "Name": "Tamanna Riti",
        "Email": "ritk@gmail.com",
        "Gender": "Female",
        "PhoneNo": "0131474999",
        "password": "444dsa",
        "filename": "FLOWCHART and ALGORITHM.pdf"
    },
    {
        "uname": "rafi",
        "Name": "rafif",
        "Email": "asifakash2000@gmai.com",
        "Gender": "Male",
        "PhoneNo": "01960424642",
        "password": "asd123",
        "filename": "admin.jpg"
    }
]