[
    {
        "uname": "zerin",
        "Name": "asma zerin",
        "Email": "aaa@gmail.com",
        "Gender": "Female",
        "PhoneNo": "76543213",
        "age": null,
        "nid": null,
        "password": "123qwe",
        "filename": "nth-star-printing.asm"
    },
    {
        "uname": "zerin",
        "Name": "asma zerin",
        "Email": "aaa@gmail.com",
        "Gender": "Female",
        "PhoneNo": "76543213",
        "age": null,
        "nid": null,
        "password": "111QQQ",
        "filename": "dm_session (1).php"
    },
    {
        "uname": "zerin",
        "Name": "asma zerin",
        "Email": "aaa@gmail.com",
        "Gender": "Female",
        "PhoneNo": "76543213",
        "age": null,
        "nid": null,
        "password": "111qqq",
        "filename": "profile.php"
    },
    {
        "uname": "zerin",
        "Name": "asma zerin",
        "Email": "aaa@gmail.com",
        "PhoneNo": "76543213",
        "age": "1111111",
        "nid": "",
        "password": "111qqq",
        "filename": "profile.php"
    },
    {
        "uname": "zzzz",
        "Name": "zerin",
        "Email": "asifakash2000@gmai.com",
        "PhoneNo": "01960424642",
        "age": "5254252466",
        "nid": "",
        "password": "asd123",
        "filename": "reg.jpg"
    }
]